Product,Product Category,
TB09,Base Cabinet,
B12,Base Cabinet,
B15,Base Cabinet,
B18,Base Cabinet,
B21,Base Cabinet,
B24,Base Cabinet,
B27,Base Cabinet,
B30,Base Cabinet,
B33,Base Cabinet,
B36,Base Cabinet,
B42,Base Cabinet,
3DB12,Base Cabinet,
3DB15,Base Cabinet,
3DB18,Base Cabinet,
3DB21,Base Cabinet,
3DB24,Base Cabinet,
3DB27,Base Cabinet,
3DB30,Base Cabinet,
3DB33,Base Cabinet,
3DB36,Base Cabinet,
MB30,Base Cabinet,
SB27,Base Cabinet,
SB30,Base Cabinet,
SB33,Base Cabinet,
SB36,Base Cabinet,
FSB36,Base Cabinet,
CSB36,Base Cabinet,
DCSF42,Accessories,
SBF4242,Accessories,
ERB33,Base Cabinet,
ERB36,Base Cabinet,
LST,Accessories,
SPB9,Base Cabinet,
BWB18,Base Cabinet,
BBC36,Base Cabinet,
BBC39,Base Cabinet,
BBC42,Base Cabinet,
BES12,Base Cabinet,
W0930,Wall Cabinet,
W1230,Wall Cabinet,
W1530,Wall Cabinet,
W1830,Wall Cabinet,
W2130,Wall Cabinet,
W2430,Wall Cabinet,
W2730,Wall Cabinet,
W3030,Wall Cabinet,
W3330,Wall Cabinet,
W3630,Wall Cabinet,
W0936,Wall Cabinet,
W1236,Wall Cabinet,
W1536,Wall Cabinet,
W1836,Wall Cabinet,
W2136,Wall Cabinet,
W2436,Wall Cabinet,
W2736,Wall Cabinet,
W3036,Wall Cabinet,
W3336,Wall Cabinet,
W3636,Wall Cabinet,
W0942,Wall Cabinet,
W1242,Wall Cabinet,
W1542,Wall Cabinet,
W1842,Wall Cabinet,
W2142,Wall Cabinet,
W2442,Wall Cabinet,
W2742,Wall Cabinet,
W3042,Wall Cabinet,
W3342,Wall Cabinet,
W3642,Wall Cabinet,
W3012,Wall Cabinet,
W3312,Wall Cabinet,
W3612,Wall Cabinet,
W3015,Wall Cabinet,
W3315,Wall Cabinet,
W3615,Wall Cabinet,
W3018,Wall Cabinet,
W3318,Wall Cabinet,
W3618,Wall Cabinet,
W3024,Wall Cabinet,
W3324,Wall Cabinet,
W3624,Wall Cabinet,
W361224,Wall Cabinet,
W361524,Wall Cabinet,
W361824,Wall Cabinet,
W362424,Wall Cabinet,
DCW2430,Wall Cabinet,
DCW2436,Wall Cabinet,
DCW2442,Wall Cabinet,
DCW2736,Wall Cabinet,
DCW2742,Wall Cabinet,
WBC2730,Wall Cabinet,
WBC2736,Wall Cabinet,
WBC2742,Wall Cabinet,
OE630,Wall Cabinet,
OE636,Wall Cabinet,
OE642,Wall Cabinet,
PR3015,Wall Cabinet,
WR3015,Wall Cabinet,
SGH30,Wall Cabinet,
W3012GD,Accessories,
W3312GD,Accessories,
W3612GD,Accessories,
W3018GD,Accessories,
W1530GD,Accessories,
W1830GD,Accessories,
W2430GD,Accessories,
W3030GD,Accessories,
W1536GD,Accessories,
W1836GD,Accessories,
W2436GD,Accessories,
W3036GD,Accessories,
W1542GD,Accessories,
W1842GD,Accessories,
W2442GD,Accessories,
W3042GD,Accessories,
DCW2430GD,Accessories,
DCW2436GD,Accessories,
DCW2442GD,Accessories,
U188424,Tall Cabinet,
U248424,Tall Cabinet,
U308424,Tall Cabinet,
U189024,Tall Cabinet,
U249024,Tall Cabinet,
U309024,Tall Cabinet,
U189624,Tall Cabinet,
U249624,Tall Cabinet,
U309624,Tall Cabinet,
O338424,Tall Cabinet,
O339024,Tall Cabinet,
O339624,Tall Cabinet,
VS24,Vanity Cabinet,
VS27,Vanity Cabinet,
VS30,Vanity Cabinet,
VS36,Vanity Cabinet,
VSD48,Vanity Cabinet,
3VDB12,Vanity Cabinet,
3VDB15,Vanity Cabinet,
3VDB18,Vanity Cabinet,
WDEP30,Wall Cabinet,
WDEP36,Wall Cabinet,
WDEP42,Wall Cabinet,
BDEP,Base Cabinet,
BF3,Accessories,
BF6,Accessories,
WF330,Accessories,
WF336,Accessories,
WF342,Accessories,
WF396,Accessories,
WF642,Accessories,
WF696,Accessories,
CM2,Accessories,
CM8,Accessories,
LRM8,Accessories,
OCM8,Accessories,
SM8,Accessories,
TKC,Accessories,
SD,Accessories,
DWR3,Accessories,
FPV4296,Accessories,
REP396,Accessories,
RS18,Accessories,
RS21,Accessories,
RS24,Accessories,
RS27,Accessories,
RS30,Accessories,
RS33,Accessories,
RS36,Accessories,
VSD36L,Vanity Cabinet,
VSD36R,Vanity Cabinet,
VSD42L,Vanity Cabinet,
VSD42R,Vanity Cabinet,
Touch_Up_Kit_White,Accessories,
3VDB24,Vanity Cabinet,
CMC8,Accessories,
FPV34.596,Accessories,
KD36,Accessories,
LG,Accessories,
O339627,Tall Cabinet,
SGH36,Wall Cabinet,
TLR8-2,Accessories,
U249627,Tall Cabinet,
U309627,Tall Cabinet,
WMC2730,Wall Cabinet,
WMC2736,Wall Cabinet,
WMC2742,Wall Cabinet,
WR3615,Wall Cabinet,
WR3618,Wall Cabinet,
VSD36D,Vanity Cabinet,
VSD42D,Vanity Cabinet,
CM10,Accessories,
CMC10,Accessories,
W1812,Wall Cabinet,
U188427,Tall Cabinet,
U189027,Tall Cabinet,
U189627,Tall Cabinet,
W1512,Wall Cabinet,
U248427,Tall Cabinet,
U249027,Tall Cabinet,
U308427,Tall Cabinet,
U309027,Tall Cabinet,
W1212,Wall Cabinet,
W1212GD,Accessories,
W1512GD,Accessories,
W1812GD,Accessories,
W2112,Wall Cabinet,
W2712,Wall Cabinet,
O338427,Tall Cabinet,
O339027,Tall Cabinet,
W0924,Accessories,
W301224,Accessories,
B39,Base Cabinet,
W1236,Wall Cabinet,
B21,Base Cabinet,